Workbook
Name Slicer_Ship_Name: #N/A

Sheet datasets
A1: Date | B1: Ship ID | C1: Ship Name | D1: Voyage | E1: Departure Port | F1: Arrival Port | G1: Fuel Type | H1: Fuel Consumed (MT) | I1: Distance (NM) | J1: Engine Hours | K1: Avg Speed | L1: Weather | M1: Fuel Cost (USD) | N1: Cargo Weight (Tons) | O1: Captain | P1: Delay | Q1: fuel efficiency | R1: cost per NM | S1: cost per ton | T1: voyage status | U1: fuel category | V1: weather risk | W1: Month | X1: Year
A2: 45733 | B2: S177 | C2: Marine Pearl | D2: V1002 | E2: Colombo | F2: Dubai | G2: LNG | H2: 39.5 | I2: 3970 | J2: 74 | K2: 15.1 | L2: Rain | M2: 17870.6 | N2: 19856 | O2: John | P2: =IF(OR(L2="Rain",L2="Fog",L2="Storm"),"Yes","No") -> Yes | Q2: =ROUND(I2/H2,2) -> 100.51 | R2: =ROUND(M2/I2,2) -> 4.5 | S2: =ROUND(M2/N2,2) -> 0.9 | T2: =IF(P2="Yes","Delayed","On Time") -> Delayed | U2: =IF(H2>=60,"High",IF(H2>=40,"Medium","Low")) -> Low | V2: =IF(L2="Storm","High Risk",IF(L2="Rain","Medium Risk","Low Risk")) -> Medium Risk | W2: =TEXT(A2,"mmm") -> Mar | X2: =YEAR(A2) -> 2025
A3: 45810 | B3: S134 | C3: Marine Pearl | D3: V1003 | E3: Dubai | F3: Colombo | G3: HSFO | H3: 63 | I3: 869 | J3: 52 | K3: 17.4 | L3: Rain | M3: 37907.49 | N3: 6641 | O3: Chen | P3: =IF(OR(L3="Rain",L3="Fog",L3="Storm"),"Yes","No") -> Yes | Q3: =ROUND(I3/H3,2) -> 13.79 | R3: =ROUND(M3/I3,2) -> 43.62 | S3: =ROUND(M3/N3,2) -> 5.71 | T3: =IF(P3="Yes","Delayed","On Time") -> Delayed | U3: =IF(H3>=60,"High",IF(H3>=40,"Medium","Low")) -> High | V3: =IF(L3="Storm","High Risk",IF(L3="Rain","Medium Risk","Low Risk")) -> Medium Risk | W3: =TEXT(A3,"mmm") -> Jun | X3: =YEAR(A3) -> 2025
A4: 45773 | B4: S154 | C4: Neptune | D4: V1004 | E4: Singapore | F4: Colombo | G4: MGO | H4: 78.4 | I4: 4515 | J4: 99 | K4: 10.5 | L4: Fog | M4: 44977.43 | N4: 17249 | O4: Sato | P4: =IF(OR(L4="Rain",L4="Fog",L4="Storm"),"Yes","No") -> Yes | Q4: =ROUND(I4/H4,2) -> 57.59 | R4: =ROUND(M4/I4,2) -> 9.96 | S4: =ROUND(M4/N4,2) -> 2.61 | T4: =IF(P4="Yes","Delayed","On Time") -> Delayed | U4: =IF(H4>=60,"High",IF(H4>=40,"Medium","Low")) -> High | V4: =IF(L4="Storm","High Risk",IF(L4="Rain","Medium Risk","Low Risk")) -> Low Risk | W4: =TEXT(A4,"mmm") -> Apr | X4: =YEAR(A4) -> 2025
A5: 46001 | B5: S136 | C5: Marine Pearl | D5: V1005 | E5: Colombo | F5: Hamburg | G5: MGO | H5: 41.8 | I5: 1658 | J5: 53 | K5: 11 | L5: Storm | M5: 27960.2 | N5: 21070 | O5: Ahmed | P5: =IF(OR(L5="Rain",L5="Fog",L5="Storm"),"Yes","No") -> Yes | Q5: =ROUND(I5/H5,2) -> 39.67 | R5: =ROUND(M5/I5,2) -> 16.86 | S5: =ROUND(M5/N5,2) -> 1.33 | T5: =IF(P5="Yes","Delayed","On Time") -> Delayed | U5: =IF(H5>=60,"High",IF(H5>=40,"Medium","Low")) -> Medium | V5: =IF(L5="Storm","High Risk",IF(L5="Rain","Medium Risk","Low Risk")) -> High Risk | W5: =TEXT(A5,"mmm") -> Dec | X5: =YEAR(A5) -> 2025
A6: 46009 | B6: S177 | C6: Ocean Star | D6: V1006 | E6: Mumbai | F6: Rotterdam | G6: HSFO | H6: 41.5 | I6: 4765 | J6: 68 | K6: 13.9 | L6: Rain | M6: 28336.29 | N6: 26589 | O6: John | P6: =IF(OR(L6="Rain",L6="Fog",L6="Storm"),"Yes","No") -> Yes | Q6: =ROUND(I6/H6,2) -> 114.82 | R6: =ROUND(M6/I6,2) -> 5.95 | S6: =ROUND(M6/N6,2) -> 1.07 | T6: =IF(P6="Yes","Delayed","On Time") -> Delayed | U6: =IF(H6>=60,"High",IF(H6>=40,"Medium","Low")) -> Medium | V6: =IF(L6="Storm","High Risk",IF(L6="Rain","Medium Risk","Low Risk")) -> Medium Risk | W6: =TEXT(A6,"mmm") -> Dec | X6: =YEAR(A6) -> 2025
A7: 45980 | B7: S146 | C7: Coral Wave | D7: V1007 | E7: Mumbai | F7: Dubai | G7: HSFO | H7: 51.9 | I7: 4847 | J7: 69 | K7: 17.6 | L7: Fog | M7: 32552.8 | N7: 11621 | O7: Rahul | P7: =IF(OR(L7="Rain",L7="Fog",L7="Storm"),"Yes","No") -> Yes | Q7: =ROUND(I7/H7,2) -> 93.39 | R7: =ROUND(M7/I7,2) -> 6.72 | S7: =ROUND(M7/N7,2) -> 2.8 | T7: =IF(P7="Yes","Delayed","On Time") -> Delayed | U7: =IF(H7>=60,"High",IF(H7>=40,"Medium","Low")) -> Medium | V7: =IF(L7="Storm","High Risk",IF(L7="Rain","Medium Risk","Low Risk")) -> Low Risk | W7: =TEXT(A7,"mmm") -> Nov | X7: =YEAR(A7) -> 2025
A8: 45766 | B8: S118 | C8: Ocean Star | D8: V1008 | E8: Chennai | F8: Hamburg | G8: MGO | H8: 77.3 | I8: 3652 | J8: 22 | K8: 17 | L8: Fog | M8: 47055.84 | N8: 22644 | O8: Sato | Q8: =ROUND(I8/H8,2) -> 47.24 | R8: =ROUND(M8/I8,2) -> 12.88 | S8: =ROUND(M8/N8,2) -> 2.08 | T8: =IF(P8="Yes","Delayed","On Time") -> On Time | U8: =IF(H8>=60,"High",IF(H8>=40,"Medium","Low")) -> High | V8: =IF(L8="Storm","High Risk",IF(L8="Rain","Medium Risk","Low Risk")) -> Low Risk | W8: =TEXT(A8,"mmm") -> Apr | X8: =YEAR(A8) -> 2025
A9: 45763 | B9: S160 | C9: Ocean Star | D9: V1009 | E9: Busan | F9: Chennai | G9: LNG | H9: 68.9 | I9: 4126 | J9: 76 | K9: 20 | L9: Fog | M9: 36241.78 | N9: 8549 | O9: Michael | P9: =IF(OR(L9="Rain",L9="Fog",L9="Storm"),"Yes","No") -> Yes | Q9: =ROUND(I9/H9,2) -> 59.88 | R9: =ROUND(M9/I9,2) -> 8.78 | S9: =ROUND(M9/N9,2) -> 4.24 | T9: =IF(P9="Yes","Delayed","On Time") -> Delayed | U9: =IF(H9>=60,"High",IF(H9>=40,"Medium","Low")) -> High | V9: =IF(L9="Storm","High Risk",IF(L9="Rain","Medium Risk","Low Risk")) -> Low Risk | W9: =TEXT(A9,"mmm") -> Apr | X9: =YEAR(A9) -> 2025
A10: 45693 | B10: S155 | C10: Blue Whale | D10: V1010 | E10: Mumbai | F10: Colombo | G10: VLSFO | H10: 31.3 | I10: 4996 | J10: 33 | K10: 16.6 | L10: Fog | M10: 20476.79 | N10: 6737 | O10: John | P10: =IF(OR(L10="Rain",L10="Fog",L10="Storm"),"Yes","No") -> Yes | Q10: =ROUND(I10/H10,2) -> 159.62 | R10: =ROUND(M10/I10,2) -> 4.1 | S10: =ROUND(M10/N10,2) -> 3.04 | T10: =IF(P10="Yes","Delayed","On Time") -> Delayed | U10: =IF(H10>=60,"High",IF(H10>=40,"Medium","Low")) -> Low | V10: =IF(L10="Storm","High Risk",IF(L10="Rain","Medium Risk","Low Risk")) -> Low Risk | W10: =TEXT(A10,"mmm") -> Feb | X10: =YEAR(A10) -> 2025
A11: 45882 | B11: S157 | C11: Coral Wave | D11: V1011 | E11: Mumbai | F11: Hamburg | G11: VLSFO | H11: 46 | I11: 1137 | J11: 115 | K11: 11.5 | L11: Storm | M11: 31147.41 | N11: 18177 | O11: Rahul | P11: =IF(OR(L11="Rain",L11="Fog",L11="Storm"),"Yes","No") -> Yes | Q11: =ROUND(I11/H11,2) -> 24.72 | R11: =ROUND(M11/I11,2) -> 27.39 | S11: =ROUND(M11/N11,2) -> 1.71 | T11: =IF(P11="Yes","Delayed","On Time") -> Delayed | U11: =IF(H11>=60,"High",IF(H11>=40,"Medium","Low")) -> Medium | V11: =IF(L11="Storm","High Risk",IF(L11="Rain","Medium Risk","Low Risk")) -> High Risk | W11: =TEXT(A11,"mmm") -> Aug | X11: =YEAR(A11) -> 2025
A12: 45951 | B12: S131 | C12: Blue Whale | D12: V1012 | E12: Rotterdam | F12: Hamburg | G12: VLSFO | H12: 24.4 | I12: 988 | J12: 79 | K12: 20.5 | L12: Clear | M12: 12956.12 | N12: 22324 | O12: Michael | P12: =IF(OR(L12="Rain",L12="Fog",L12="Storm"),"Yes","No") -> No | Q12: =ROUND(I12/H12,2) -> 40.49 | R12: =ROUND(M12/I12,2) -> 13.11 | S12: =ROUND(M12/N12,2) -> 0.58 | T12: =IF(P12="Yes","Delayed","On Time") -> On Time | U12: =IF(H12>=60,"High",IF(H12>=40,"Medium","Low")) -> Low | V12: =IF(L12="Storm","High Risk",IF(L12="Rain","Medium Risk","Low Risk")) -> Low Risk | W12: =TEXT(A12,"mmm") -> Oct | X12: =YEAR(A12) -> 2025
A13: 45771 | B13: S101 | C13: Neptune | D13: V1013 | E13: Hamburg | F13: Singapore | G13: VLSFO | H13: 37.2 | I13: 4128 | J13: 71 | K13: 18.5 | L13: Storm | M13: 21039.21 | N13: 6190 | O13: Sato | P13: =IF(OR(L13="Rain",L13="Fog",L13="Storm"),"Yes","No") -> Yes | Q13: =ROUND(I13/H13,2) -> 110.97 | R13: =ROUND(M13/I13,2) -> 5.1 | S13: =ROUND(M13/N13,2) -> 3.4 | T13: =IF(P13="Yes","Delayed","On Time") -> Delayed | U13: =IF(H13>=60,"High",IF(H13>=40,"Medium","Low")) -> Low | V13: =IF(L13="Storm","High Risk",IF(L13="Rain","Medium Risk","Low Risk")) -> High Risk | W13: =TEXT(A13,"mmm") -> Apr | X13: =YEAR(A13) -> 2025
A14: 45915 | B14: S112 | C14: Ocean Star | D14: V1014 | E14: Busan | F14: Chennai | G14: MGO | H14: 25.6 | I14: 4240 | J14: 38 | K14: 16.7 | L14: Rain | M14: 12857.28 | N14: 26850 | O14: Arun | P14: =IF(OR(L14="Rain",L14="Fog",L14="Storm"),"Yes","No") -> Yes | Q14: =ROUND(I14/H14,2) -> 165.63 | R14: =ROUND(M14/I14,2) -> 3.03 | S14: =ROUND(M14/N14,2) -> 0.48 | T14: =IF(P14="Yes","Delayed","On Time") -> Delayed | U14: =IF(H14>=60,"High",IF(H14>=40,"Medium","Low")) -> Low | V14: =IF(L14="Storm","High Risk",IF(L14="Rain","Medium Risk","Low Risk")) -> Medium Risk | W14: =TEXT(A14,"mmm") -> Sep | X14: =YEAR(A14) -> 2025
A15: 45777 | B15: S136 | C15: Coral Wave | D15: V1015 | E15: Busan | F15: Hamburg | G15: VLSFO | H15: 39.1 | I15: 4508 | J15: 24 | K15: 16.4 | L15: Rain | M15: 25018.36 | N15: 21612 | O15: Arun | P15: =IF(OR(L15="Rain",L15="Fog",L15="Storm"),"Yes","No") -> Yes | Q15: =ROUND(I15/H15,2) -> 115.29 | R15: =ROUND(M15/I15,2) -> 5.55 | S15: =ROUND(M15/N15,2) -> 1.16 | T15: =IF(P15="Yes","Delayed","On Time") -> Delayed | U15: =IF(H15>=60,"High",IF(H15>=40,"Medium","Low")) -> Low | V15: =IF(L15="Storm","High Risk",IF(L15="Rain","Medium Risk","Low Risk")) -> Medium Risk | W15: =TEXT(A15,"mmm") -> Apr | X15: =YEAR(A15) -> 2025
A16: 45737 | B16: S129 | C16: Coral Wave | D16: V1016 | E16: Dubai | F16: Mumbai | G16: MGO | H16: 74.1 | I16: 660 | J16: 111 | K16: 12.9 | L16: Clear | M16: 48188.32 | N16: 25325 | O16: John | P16: =IF(OR(L16="Rain",L16="Fog",L16="Storm"),"Yes","No") -> No | Q16: =ROUND(I16/H16,2) -> 8.91 | R16: =ROUND(M16/I16,2) -> 73.01 | S16: =ROUND(M16/N16,2) -> 1.9 | T16: =IF(P16="Yes","Delayed","On Time") -> On Time | U16: =IF(H16>=60,"High",IF(H16>=40,"Medium","Low")) -> High | V16: =IF(L16="Storm","High Risk",IF(L16="Rain","Medium Risk","Low Risk")) -> Low Risk | W16: =TEXT(A16,"mmm") -> Mar | X16: =YEAR(A16) -> 2025
A17: 45811 | B17: S175 | C17: Marine Pearl | D17: V1017 | E17: Hamburg | F17: Rotterdam | G17: LNG | H17: 71.9 | I17: 1853 | J17: 108 | K17: 10.6 | L17: Rain | M17: 44327.89 | N17: 26533 | O17: David | P17: =IF(OR(L17="Rain",L17="Fog",L17="Storm"),"Yes","No") -> Yes | Q17: =ROUND(I17/H17,2) -> 25.77 | R17: =ROUND(M17/I17,2) -> 23.92 | S17: =ROUND(M17/N17,2) -> 1.67 | T17: =IF(P17="Yes","Delayed","On Time") -> Delayed | U17: =IF(H17>=60,"High",IF(H17>=40,"Medium","Low")) -> High | V17: =IF(L17="Storm","High Risk",IF(L17="Rain","Medium Risk","Low Risk")) -> Medium Risk | W17: =TEXT(A17,"mmm") -> Jun | X17: =YEAR(A17) -> 2025
A18: 46007 | B18: S130 | C18: Coral Wave | D18: V1018 | E18: Colombo | F18: Rotterdam | G18: HSFO | H18: 71.2 | I18: 3853 | J18: 68 | K18: 11 | L18: Storm | M18: 42334.41 | N18: 19513 | O18: David | P18: =IF(OR(L18="Rain",L18="Fog",L18="Storm"),"Yes","No") -> Yes | Q18: =ROUND(I18/H18,2) -> 54.12 | R18: =ROUND(M18/I18,2) -> 10.99 | S18: =ROUND(M18/N18,2) -> 2.17 | T18: =IF(P18="Yes","Delayed","On Time") -> Delayed | U18: =IF(H18>=60,"High",IF(H18>=40,"Medium","Low")) -> High | V18: =IF(L18="Storm","High Risk",IF(L18="Rain","Medium Risk","Low Risk")) -> High Risk | W18: =TEXT(A18,"mmm") -> Dec | X18: =YEAR(A18) -> 2025
A19: 45658 | B19: S165 | C19: Sea Queen | D19: V1019 | E19: Hamburg | F19: Dubai | G19: MGO | H19: 52.6 | I19: 2410 | J19: 72 | K19: 21.9 | L19: Fog | M19: 31953.96 | N19: 11626 | O19: Rahul | P19: =IF(OR(L19="Rain",L19="Fog",L19="Storm"),"Yes","No") -> Yes | Q19: =ROUND(I19/H19,2) -> 45.82 | R19: =ROUND(M19/I19,2) -> 13.26 | S19: =ROUND(M19/N19,2) -> 2.75 | T19: =IF(P19="Yes","Delayed","On Time") -> Delayed | U19: =IF(H19>=60,"High",IF(H19>=40,"Medium","Low")) -> Medium | V19: =IF(L19="Storm","High Risk",IF(L19="Rain","Medium Risk","Low Risk")) -> Low Risk | W19: =TEXT(A19,"mmm") -> Jan | X19: =YEAR(A19) -> 2025
A20: 45762 | B20: S151 | C20: Ocean Star | D20: V1020 | E20: Rotterdam | F20: Colombo | G20: HSFO | H20: 29.5 | I20: 4222 | J20: 115 | K20: 15.1 | L20: Rain | M20: 14811.28 | N20: 13366 | O20: John | P20: =IF(OR(L20="Rain",L20="Fog",L20="Storm"),"Yes","No") -> Yes | Q20: =ROUND(I20/H20,2) -> 143.12 | R20: =ROUND(M20/I20,2) -> 3.51 | S20: =ROUND(M20/N20,2) -> 1.11 | T20: =IF(P20="Yes","Delayed","On Time") -> Delayed | U20: =IF(H20>=60,"High",IF(H20>=40,"Medium","Low")) -> Low | V20: =IF(L20="Storm","High Risk",IF(L20="Rain","Medium Risk","Low Risk")) -> Medium Risk | W20: =TEXT(A20,"mmm") -> Apr | X20: =YEAR(A20) -> 2025
... A1001: 45771 | B1001: S102 | C1001: Sea Queen | D1001: V2001 | E1001: Mumbai | F1001: Dubai | G1001: HSFO | H1001: 72 | I1001: 1319 | J1001: 83 | K1001: 21.8 | L1001: Clear | M1001: 49169.43 | N1001: 5186 | O1001: Sato | P1001: =IF(OR(L1001="Rain",L1001="Fog",L1001="Storm"),"Yes","No") -> No | Q1001: =ROUND(I1001/H1001,2) -> 18.32 | R1001: =ROUND(M1001/I1001,2) -> 37.28 | S1001: =ROUND(M1001/N1001,2) -> 9.48 | T1001: =IF(P1001="Yes","Delayed","On Time") -> On Time | U1001: =IF(H1001>=60,"High",IF(H1001>=40,"Medium","Low")) -> High | V1001: =IF(L1001="Storm","High Risk",IF(L1001="Rain","Medium Risk","Low Risk")) -> Low Risk | W1001: =TEXT(A1001,"mmm") -> Apr | X1001: =YEAR(A1001) -> 2025

Sheet Clcs
A1: Date | B1: Ship ID | C1: Ship Name | D1: Voyage | E1: Departure Port | F1: Arrival Port | G1: Fuel Type | H1: Fuel Consumed (MT) | I1: Distance (NM) | J1: Engine Hours | K1: Avg Speed | L1: Weather | M1: Fuel Cost (USD) | N1: Cargo Weight (Tons) | O1: Captain | P1: Delay | Q1: fuel efficiency | R1: cost per NM | S1: cost per ton | T1: voyage status | U1: fuel category | V1: weather risk | W1: Month | X1: Year
A2: 45733 | B2: S177 | C2: Marine Pearl | D2: V1002 | E2: Colombo | F2: Dubai | G2: LNG | H2: 39.5 | I2: 3970 | J2: 74 | K2: 15.1 | L2: Rain | M2: 17870.6 | N2: 19856 | O2: John | P2: =IF(OR(L2="Rain",L2="Fog",L2="Storm"),"Yes","No") -> Yes | Q2: =ROUND(I2/H2,2) -> 100.51 | R2: =ROUND(M2/I2,2) -> 4.5 | S2: =ROUND(M2/N2,2) -> 0.9 | T2: =IF(P2="Yes","Delayed","On Time") -> Delayed | U2: =IF(H2>=60,"High",IF(H2>=40,"Medium","Low")) -> Low | V2: =IF(L2="Storm","High Risk",IF(L2="Rain","Medium Risk","Low Risk")) -> Medium Risk | W2: =TEXT(A2,"mmm") -> Mar | X2: =YEAR(A2) -> 2025
A3: 45810 | B3: S134 | C3: Marine Pearl | D3: V1003 | E3: Dubai | F3: Colombo | G3: HSFO | H3: 63 | I3: 869 | J3: 52 | K3: 17.4 | L3: Rain | M3: 37907.49 | N3: 6641 | O3: Chen | P3: =IF(OR(L3="Rain",L3="Fog",L3="Storm"),"Yes","No") -> Yes | Q3: =ROUND(I3/H3,2) -> 13.79 | R3: =ROUND(M3/I3,2) -> 43.62 | S3: =ROUND(M3/N3,2) -> 5.71 | T3: =IF(P3="Yes","Delayed","On Time") -> Delayed | U3: =IF(H3>=60,"High",IF(H3>=40,"Medium","Low")) -> High | V3: =IF(L3="Storm","High Risk",IF(L3="Rain","Medium Risk","Low Risk")) -> Medium Risk | W3: =TEXT(A3,"mmm") -> Jun | X3: =YEAR(A3) -> 2025
A4: 45773 | B4: S154 | C4: Neptune | D4: V1004 | E4: Singapore | F4: Colombo | G4: MGO | H4: 78.4 | I4: 4515 | J4: 99 | K4: 10.5 | L4: Fog | M4: 44977.43 | N4: 17249 | O4: Sato | P4: =IF(OR(L4="Rain",L4="Fog",L4="Storm"),"Yes","No") -> Yes | Q4: =ROUND(I4/H4,2) -> 57.59 | R4: =ROUND(M4/I4,2) -> 9.96 | S4: =ROUND(M4/N4,2) -> 2.61 | T4: =IF(P4="Yes","Delayed","On Time") -> Delayed | U4: =IF(H4>=60,"High",IF(H4>=40,"Medium","Low")) -> High | V4: =IF(L4="Storm","High Risk",IF(L4="Rain","Medium Risk","Low Risk")) -> Low Risk | W4: =TEXT(A4,"mmm") -> Apr | X4: =YEAR(A4) -> 2025
A5: 46001 | B5: S136 | C5: Marine Pearl | D5: V1005 | E5: Colombo | F5: Hamburg | G5: MGO | H5: 41.8 | I5: 1658 | J5: 53 | K5: 11 | L5: Storm | M5: 27960.2 | N5: 21070 | O5: Ahmed | P5: =IF(OR(L5="Rain",L5="Fog",L5="Storm"),"Yes","No") -> Yes | Q5: =ROUND(I5/H5,2) -> 39.67 | R5: =ROUND(M5/I5,2) -> 16.86 | S5: =ROUND(M5/N5,2) -> 1.33 | T5: =IF(P5="Yes","Delayed","On Time") -> Delayed | U5: =IF(H5>=60,"High",IF(H5>=40,"Medium","Low")) -> Medium | V5: =IF(L5="Storm","High Risk",IF(L5="Rain","Medium Risk","Low Risk")) -> High Risk | W5: =TEXT(A5,"mmm") -> Dec | X5: =YEAR(A5) -> 2025
A6: 46009 | B6: S177 | C6: Ocean Star | D6: V1006 | E6: Mumbai | F6: Rotterdam | G6: HSFO | H6: 41.5 | I6: 4765 | J6: 68 | K6: 13.9 | L6: Rain | M6: 28336.29 | N6: 26589 | O6: John | P6: =IF(OR(L6="Rain",L6="Fog",L6="Storm"),"Yes","No") -> Yes | Q6: =ROUND(I6/H6,2) -> 114.82 | R6: =ROUND(M6/I6,2) -> 5.95 | S6: =ROUND(M6/N6,2) -> 1.07 | T6: =IF(P6="Yes","Delayed","On Time") -> Delayed | U6: =IF(H6>=60,"High",IF(H6>=40,"Medium","Low")) -> Medium | V6: =IF(L6="Storm","High Risk",IF(L6="Rain","Medium Risk","Low Risk")) -> Medium Risk | W6: =TEXT(A6,"mmm") -> Dec | X6: =YEAR(A6) -> 2025
A7: 45980 | B7: S146 | C7: Coral Wave | D7: V1007 | E7: Mumbai | F7: Dubai | G7: HSFO | H7: 51.9 | I7: 4847 | J7: 69 | K7: 17.6 | L7: Fog | M7: 32552.8 | N7: 11621 | O7: Rahul | P7: =IF(OR(L7="Rain",L7="Fog",L7="Storm"),"Yes","No") -> Yes | Q7: =ROUND(I7/H7,2) -> 93.39 | R7: =ROUND(M7/I7,2) -> 6.72 | S7: =ROUND(M7/N7,2) -> 2.8 | T7: =IF(P7="Yes","Delayed","On Time") -> Delayed | U7: =IF(H7>=60,"High",IF(H7>=40,"Medium","Low")) -> Medium | V7: =IF(L7="Storm","High Risk",IF(L7="Rain","Medium Risk","Low Risk")) -> Low Risk | W7: =TEXT(A7,"mmm") -> Nov | X7: =YEAR(A7) -> 2025
A8: 45766 | B8: S118 | C8: Ocean Star | D8: V1008 | E8: Chennai | F8: Hamburg | G8: MGO | H8: 77.3 | I8: 3652 | J8: 22 | K8: 17 | L8: Fog | M8: 47055.84 | N8: 22644 | O8: Sato | P8: =IF(OR(L8="Rain",L8="Fog",L8="Storm"),"Yes","No") -> Yes | Q8: =ROUND(I8/H8,2) -> 47.24 | R8: =ROUND(M8/I8,2) -> 12.88 | S8: =ROUND(M8/N8,2) -> 2.08 | T8: =IF(P8="Yes","Delayed","On Time") -> Delayed | U8: =IF(H8>=60,"High",IF(H8>=40,"Medium","Low")) -> High | V8: =IF(L8="Storm","High Risk",IF(L8="Rain","Medium Risk","Low Risk")) -> Low Risk | W8: =TEXT(A8,"mmm") -> Apr | X8: =YEAR(A8) -> 2025
A9: 45763 | B9: S160 | C9: Ocean Star | D9: V1009 | E9: Busan | F9: Chennai | G9: LNG | H9: 68.9 | I9: 4126 | J9: 76 | K9: 20 | L9: Fog | M9: 36241.78 | N9: 8549 | O9: Michael | P9: =IF(OR(L9="Rain",L9="Fog",L9="Storm"),"Yes","No") -> Yes | Q9: =ROUND(I9/H9,2) -> 59.88 | R9: =ROUND(M9/I9,2) -> 8.78 | S9: =ROUND(M9/N9,2) -> 4.24 | T9: =IF(P9="Yes","Delayed","On Time") -> Delayed | U9: =IF(H9>=60,"High",IF(H9>=40,"Medium","Low")) -> High | V9: =IF(L9="Storm","High Risk",IF(L9="Rain","Medium Risk","Low Risk")) -> Low Risk | W9: =TEXT(A9,"mmm") -> Apr | X9: =YEAR(A9) -> 2025
A10: 45693 | B10: S155 | C10: Blue Whale | D10: V1010 | E10: Mumbai | F10: Colombo | G10: VLSFO | H10: 31.3 | I10: 4996 | J10: 33 | K10: 16.6 | L10: Fog | M10: 20476.79 | N10: 6737 | O10: John | P10: =IF(OR(L10="Rain",L10="Fog",L10="Storm"),"Yes","No") -> Yes | Q10: =ROUND(I10/H10,2) -> 159.62 | R10: =ROUND(M10/I10,2) -> 4.1 | S10: =ROUND(M10/N10,2) -> 3.04 | T10: =IF(P10="Yes","Delayed","On Time") -> Delayed | U10: =IF(H10>=60,"High",IF(H10>=40,"Medium","Low")) -> Low | V10: =IF(L10="Storm","High Risk",IF(L10="Rain","Medium Risk","Low Risk")) -> Low Risk | W10: =TEXT(A10,"mmm") -> Feb | X10: =YEAR(A10) -> 2025
A11: 45882 | B11: S157 | C11: Coral Wave | D11: V1011 | E11: Mumbai | F11: Hamburg | G11: VLSFO | H11: 46 | I11: 1137 | J11: 115 | K11: 11.5 | L11: Storm | M11: 31147.41 | N11: 18177 | O11: Rahul | P11: =IF(OR(L11="Rain",L11="Fog",L11="Storm"),"Yes","No") -> Yes | Q11: =ROUND(I11/H11,2) -> 24.72 | R11: =ROUND(M11/I11,2) -> 27.39 | S11: =ROUND(M11/N11,2) -> 1.71 | T11: =IF(P11="Yes","Delayed","On Time") -> Delayed | U11: =IF(H11>=60,"High",IF(H11>=40,"Medium","Low")) -> Medium | V11: =IF(L11="Storm","High Risk",IF(L11="Rain","Medium Risk","Low Risk")) -> High Risk | W11: =TEXT(A11,"mmm") -> Aug | X11: =YEAR(A11) -> 2025
A12: 45951 | B12: S131 | C12: Blue Whale | D12: V1012 | E12: Rotterdam | F12: Hamburg | G12: VLSFO | H12: 24.4 | I12: 988 | J12: 79 | K12: 20.5 | L12: Clear | M12: 12956.12 | N12: 22324 | O12: Michael | P12: =IF(OR(L12="Rain",L12="Fog",L12="Storm"),"Yes","No") -> No | Q12: =ROUND(I12/H12,2) -> 40.49 | R12: =ROUND(M12/I12,2) -> 13.11 | S12: =ROUND(M12/N12,2) -> 0.58 | T12: =IF(P12="Yes","Delayed","On Time") -> On Time | U12: =IF(H12>=60,"High",IF(H12>=40,"Medium","Low")) -> Low | V12: =IF(L12="Storm","High Risk",IF(L12="Rain","Medium Risk","Low Risk")) -> Low Risk | W12: =TEXT(A12,"mmm") -> Oct | X12: =YEAR(A12) -> 2025
A13: 45771 | B13: S101 | C13: Neptune | D13: V1013 | E13: Hamburg | F13: Singapore | G13: VLSFO | H13: 37.2 | I13: 4128 | J13: 71 | K13: 18.5 | L13: Storm | M13: 21039.21 | N13: 6190 | O13: Sato | P13: =IF(OR(L13="Rain",L13="Fog",L13="Storm"),"Yes","No") -> Yes | Q13: =ROUND(I13/H13,2) -> 110.97 | R13: =ROUND(M13/I13,2) -> 5.1 | S13: =ROUND(M13/N13,2) -> 3.4 | T13: =IF(P13="Yes","Delayed","On Time") -> Delayed | U13: =IF(H13>=60,"High",IF(H13>=40,"Medium","Low")) -> Low | V13: =IF(L13="Storm","High Risk",IF(L13="Rain","Medium Risk","Low Risk")) -> High Risk | W13: =TEXT(A13,"mmm") -> Apr | X13: =YEAR(A13) -> 2025
... A1001: 45771 | B1001: S102 | C1001: Sea Queen | D1001: V2001 | E1001: Mumbai | F1001: Dubai | G1001: HSFO | H1001: 72 | I1001: 1319 | J1001: 83 | K1001: 21.8 | L1001: Clear | M1001: 49169.43 | N1001: 5186 | O1001: Sato | P1001: =IF(OR(L1001="Rain",L1001="Fog",L1001="Storm"),"Yes","No") -> No | Q1001: =ROUND(I1001/H1001,2) -> 18.32 | R1001: =ROUND(M1001/I1001,2) -> 37.28 | S1001: =ROUND(M1001/N1001,2) -> 9.48 | T1001: =IF(P1001="Yes","Delayed","On Time") -> On Time | U1001: =IF(H1001>=60,"High",IF(H1001>=40,"Medium","Low")) -> High | V1001: =IF(L1001="Storm","High Risk",IF(L1001="Rain","Medium Risk","Low Risk")) -> Low Risk | W1001: =TEXT(A1001,"mmm") -> Apr | X1001: =YEAR(A1001) -> 2025

Sheet PivotTables
D2: pivot tables
A4: monthly fuel consumption | E4: fuel type _ wise consumption | I4: ship_wise cost consumption
A6: Row Labels | B6: Sum of Fuel Consumed (MT) | E6: Row Labels | F6: Sum of Fuel Consumed (MT) | I6: Row Labels | J6: Sum of Fuel Cost (USD)
A7: Jan | B7: 704 | E7: MGO | F7: 12131.9 | I7: Sea Queen | J7: 3681124.4
A8: Feb | B8: 642.4 | E8: Grand Total | F8: 12131.9 | I8: Grand Total | J8: 3681124.4
A9: Mar | B9: 375.9
A10: Apr | B10: 690.7
A11: May | B11: 522.9
A12: Jun | B12: 436.5
A13: Jul | B13: 444.1
A14: Aug | B14: 419.5
A15: Sep | B15: 501.7
A16: Oct | B16: 667.9
A17: Nov | B17: 362.8
A18: Dec | B18: 650.4
A19: Grand Total | B19: 6418.8
A21: weather_ wise fuel consumption | E21: delay analysis | I21: average fuel efficiency
A23: Row Labels | B23: Sum of Fuel Consumed (MT) | E23: Row Labels | F23: Count of Ship ID | I23: Row Labels | J23: Average of fuel efficiency
A24: Rain | B24: 1659.2 | E24: Yes | F24: 97 | I24: Sea Queen | J24: 68.51864
A25: Grand Total | B25: 1659.2 | E25: Grand Total | F25: 97 | I25: Grand Total | J25: 68.51864

Sheet Calculations
B2: KPI CALCULATIONS
A5: Total Fuel Consumption | D5: Average Fuel Efficiency
A6: fuel utilization | B6: =SUM(datasets!H:H) -> 50023.9 | D6: fuel efficiency index | E6: =AVERAGE(datasets!Q:Q) -> 65.72231
A9: Total Fuel Cost | D9: Delay monitoring
A10: bunker cost overview | B10: =SUM(datasets!M:M) -> 28895138 | D10: Delay Yes | E10: =COUNTIF(datasets!P:P,"YES") -> 742
D11: Delay No | E11: =COUNTIF(datasets!P:P,"NO") -> 257
A13: Total Ship Count | D13: total Voyage
A14: fleet strength | B14: =COUNTA(_xlfn.UNIQUE(datasets!B:B))-1 -> 81 | D14: Voyage operations | E14: =COUNTA(datasets!D:D)-1 -> 1000

Sheet dashboard
J6: performance overview of marine fleet operation
AH18: w
